{"client_meta":{"background_color":{"r":0.9607843160629272,"g":0.9607843160629272,"b":0.9607843160629272,"a":1},"thumbnail_size":{"width":400,"height":353},"render_coordinates":{"x":0,"y":0,"width":1408,"height":1244}},"file_name":"V2X Communication Analysis Dashboard","developer_related_links":[],"exported_at":"2026-05-21T10:46:00.108Z"}